﻿Goals,Department,Owner,Status,Priority,Collaborators,"AliGoy84 ",Description,Sprint,Themes,Timeline,Type
Improve App Performance,Engineering,Camille Ricketts,In Progress,P1 🔥,Mohini Thakkar,,,,🌱 Product Foundations,"August 27, 2019 → August 19, 2019",Epic ⛰️
Reduce Customer Churn,Customer Ops,Virginia Conde,,P1 🔥,"Simon, Harrison Medoff",,,,💰 Hit Revenue Targets,,
Hit $1m US Bookings,Sales,Vicky,,P1 🔥,"sid, Sergey Surganov",,,,👥 Increase Top of Funnel,,Epic ⛰️
Launch Developer API,Engineering,Cory Etzkorn,,P1 🔥,Ben Lang,,,,🏗 Scale Our Platform,,
Hit $500k in APAC Bookings,Sales,Andrea Lim,,P2,Stephen Wu,,,,💰 Hit Revenue Targets,,
Launch Marketing Website,Engineering,Garrett Fidalgo,,P2,"Adam Hudson, David Tibbitts",,,,👥 Increase Top of Funnel,,
Optimize Signup Flow,Engineering,Alex Karim,In Progress,P2,Ryo,,,Sprint 21,👥 Increase Top of Funnel,,Bug 🐞
Add Third Party Integrations,Engineering,Brian McConnell,Complete 🙌,P2,"Zoe Ludwig, Madhu Muthukumar, Song-My",,,,🏗 Scale Our Platform,"August 17, 2019 → August 5, 2019",Epic ⛰️
Kick off Performance Marketing,Marketing,Mizuki Hamaoka,,P2,"victor, Holly Turay",,,,👥 Increase Top of Funnel,,Epic ⛰️
Launch Developer Relations Program,Marketing,karunya,,P2,Lisa Fan,,,,🏗 Scale Our Platform,,
Hit $500k in EMEA Bookings,Sales,Ivan Zhao,,P2,Lu Li,,,,💰 Hit Revenue Targets,,
Increase Brand Awareness,Marketing,Michael Manapat,,P2,"Gabriel Borges, Saatchi Bhalla",,,,👥 Increase Top of Funnel,,
Add Authentication Options,Engineering,Mohini Thakkar,In Progress,P3,"Varun Rau, Ben Lang, Yiwen",,,,🌱 Product Foundations,"August 15, 2019 → August 2, 2019",Epic ⛰️
Product Bug Bash,Engineering,Shelley Yan,In Progress,P3,"Joshua Kim, Virginia Conde, Zeno Wu",,,,🌱 Product Foundations,"August 10, 2019 → August 24, 2019",Epic ⛰️
"Improve Product Onboarding ",Engineering,Cory Etzkorn,Complete 🙌,P3,victor,,,Sprint 20,👥 Increase Top of Funnel,,Bug 🐞
https://www.facebook.com/AliRevang/,,,,,,,,,,,
,,,,,,,,,,,
https://www.facebook.com/AliRevang/,,,,,,,,,,,